{
	"class_name" : "PinholeCameraParameters",
	"extrinsic" : 
	[
		-0.16149885693321284,
		0.67384956081535385,
		-0.72100269666501282,
		0.0,
		0.98297163604274929,
		0.044939318217891551,
		-0.17817749693368157,
		0.0,
		-0.087663458434553448,
		-0.73750066241805223,
		-0.66963265376490366,
		0.0,
		6.0886226706462807,
		-11.094332714933042,
		46.991118769630404,
		1.0
	],
	"intrinsic" : 
	{
		"height" : 1016,
		"intrinsic_matrix" : 
		[
			879.88181024498977,
			0.0,
			0.0,
			0.0,
			879.88181024498977,
			0.0,
			479.5,
			507.5,
			1.0
		],
		"width" : 960
	},
	"version_major" : 1,
	"version_minor" : 0
}